type,severity,recipe_id,ingredient,problem,field,allergen,quantity,unit,title_fr,count
unknown_ingredient,warning,,acai_puree,,,,,,,1
unknown_ingredient,warning,,almond_butter,,,,,,,2
unknown_ingredient,warning,,anise_seeds,,,,,,,1
unknown_ingredient,warning,,apple_juice,,,,,,,1
unknown_ingredient,error,,applesauce,,,,,,,3
unknown_ingredient,warning,,beluga_lentil,,,,,,,1
unknown_ingredient,warning,,black_eyed_pea,,,,,,,1
unknown_ingredient,warning,,black_sesame_seeds,,,,,,,1
unknown_ingredient,warning,,bouquet_garni,,,,,,,1
unknown_ingredient,warning,,brown_lentils,,,,,,,1
unknown_ingredient,warning,,calvados,,,,,,,1
unknown_ingredient,warning,,candied_fruit,,,,,,,1
unknown_ingredient,error,,caper,,,,,,,6
unknown_ingredient,warning,,cashew_cream,,,,,,,2
unknown_ingredient,warning,,cherry_jam,,,,,,,1
unknown_ingredient,warning,,chervil,,,,,,,1
unknown_ingredient,warning,,chinese_broccoli,,,,,,,2
unknown_ingredient,warning,,chocolate_chips,,,,,,,1
unknown_ingredient,warning,,coconut_vinegar,,,,,,,1
unknown_ingredient,warning,,cognac,,,,,,,1
unknown_ingredient,error,,cream_cheese,,,,,,,4
unknown_ingredient,warning,,curly_endive,,,,,,,1
unknown_ingredient,warning,,dark_chocolate_chips,,,,,,,1
unknown_ingredient,warning,,dark_soy_sauce,,,,,,,2
unknown_ingredient,error,,desiccated_coconut,,,,,,,5
unknown_ingredient,warning,,digestive_biscuit,,,,,,,1
unknown_ingredient,warning,,dried_chickpeas,,,,,,,1
unknown_ingredient,warning,,dried_cranberry,,,,,,,2
unknown_ingredient,warning,,dried_peas,,,,,,,1
unknown_ingredient,warning,,espresso,,,,,,,1
unknown_ingredient,error,,filo_pastry,,,,,,,7
unknown_ingredient,warning,,flageolet_bean,,,,,,,1
unknown_ingredient,warning,,floury_potato,,,,,,,1
unknown_ingredient,warning,,fresh_tome_cheese,,,,,,,2
unknown_ingredient,warning,,galette,,,,,,,1
unknown_ingredient,warning,,gherkin,,,,,,,2
unknown_ingredient,warning,,glutinous_rice_flour,,,,,,,1
unknown_ingredient,warning,,granola,,,,,,,2
unknown_ingredient,error,,green_beans,,,,,,,18
unknown_ingredient,warning,,ground_flaxseed,,,,,,,1
unknown_ingredient,error,,ground_ginger,,,,,,,3
unknown_ingredient,warning,,juniper_berry,,,,,,,1
unknown_ingredient,warning,,kirsch,,,,,,,1
unknown_ingredient,warning,,ladyfinger,,,,,,,2
unknown_ingredient,warning,,lamb_lettuce,,,,,,,1
unknown_ingredient,warning,,light_soy_sauce,,,,,,,2
unknown_ingredient,warning,,marsala,,,,,,,1
unknown_ingredient,warning,,mascarpone,,,,,,,2
unknown_ingredient,warning,,matcha,,,,,,,1
unknown_ingredient,warning,,mixed_berries,,,,,,,1
unknown_ingredient,warning,,mixed_salad,,,,,,,1
unknown_ingredient,warning,,napa_cabbage,,,,,,,2
unknown_ingredient,error,,orange_blossom_water,,,,,,,4
unknown_ingredient,warning,,orange_juice,,,,,,,1
unknown_ingredient,warning,,pearl_sugar,,,,,,,1
unknown_ingredient,warning,,peas,,,,,,,1
unknown_ingredient,warning,,pecorino_romano,,,,,,,1
unknown_ingredient,warning,,pie_dough,,,,,,,2
unknown_ingredient,warning,,plant_yogurt,,,,,,,2
unknown_ingredient,warning,,plum,,,,,,,1
unknown_ingredient,error,,porcini,,,,,,,3
unknown_ingredient,warning,,puy_lentil,,,,,,,1
unknown_ingredient,warning,,raisins,,,,,,,1
unknown_ingredient,warning,,red_bean_paste,,,,,,,1
unknown_ingredient,warning,,red_wine,,,,,,,2
unknown_ingredient,warning,,rhubarb,,,,,,,1
unknown_ingredient,warning,,ricotta_salata,,,,,,,2
unknown_ingredient,warning,,roasted_chickpea,,,,,,,1
unknown_ingredient,error,,rolled_oats,,,,,,,6
unknown_ingredient,warning,,rose_water,,,,,,,1
unknown_ingredient,error,,rum,,,,,,,4
unknown_ingredient,warning,,salted_butter_caramel,,,,,,,1
unknown_ingredient,warning,,sauce,,,,,,,2
unknown_ingredient,warning,,seaweed,,,,,,,1
unknown_ingredient,warning,,sherry_vinegar,,,,,,,2
unknown_ingredient,error,,snow_peas,,,,,,,10
unknown_ingredient,error,,split_peas,,,,,,,3
unknown_ingredient,warning,,sprouts,,,,,,,1
unknown_ingredient,warning,,strawberry_coulis,,,,,,,1
unknown_ingredient,warning,,strawberry_jam,,,,,,,1
unknown_ingredient,warning,,thai_chili,,,,,,,1
unknown_ingredient,warning,,white_vinegar,,,,,,,1
unknown_ingredient,error,,white_wine,,,,,,,5
unknown_ingredient,warning,,whole_milk,,,,,,,1
unknown_ingredient,warning,,wine_vinegar,,,,,,,2
unknown_ingredient,warning,,yellow_lentils,,,,,,,1
diet_flag_mismatch,warning,dip_baba_ghanoush_dbd030,,Contient fruits à coque/sésame: tahini,,,,,,
diet_flag_mismatch,warning,rice_bibimbap_classic_k91x2a,,Contient gluten potentiel: gochujang,,,,,,
diet_flag_mismatch,warning,dip_hummus_classic_v6_u4k9p2,,Contient fruits à coque/sésame: tahini,,,,,,
diet_flag_mismatch,warning,rice_fried_classic_v2_k4m8t1,,Contient fruits à coque/sésame: sesame_oil,,,,,,
diet_flag_mismatch,warning,rice_bibimbap_tofu_a265dc,,Contient fruits à coque/sésame: sesame_oil,,,,,,
diet_flag_mismatch,warning,dal_falafel_bowl_cdf516,,Contient fruits à coque/sésame: tahini,,,,,,
diet_flag_mismatch,warning,dumpling_gyoza_92d264,,Contient fruits à coque/sésame: sesame_oil,,,,,,
diet_flag_mismatch,warning,dal_hummus_traditionnel_7f6ccc,,Contient fruits à coque/sésame: tahini,,,,,,
diet_flag_mismatch,warning,soup_miso_ramen_6ed3ea,,Contient fruits à coque/sésame: sesame_oil,,,,,,
diet_flag_mismatch,warning,soup_pad_thai_cfe090,,Contient fruits à coque/sésame: sesame_oil,,,,,,
diet_flag_mismatch,warning,soup_pho_ba7e1e,,Contient fruits à coque/sésame: sesame_oil,,,,,,
diet_flag_mismatch,warning,soup_ramen_eb5b55,,Contient fruits à coque/sésame: sesame_oil,,,,,,
diet_flag_mismatch,warning,soup_ramen_au_miso_f69c22,,Contient fruits à coque/sésame: sesame_oil,,,,,,
diet_flag_mismatch,warning,soup_soupe_pho_coco_68c826,,Contient fruits à coque/sésame: sesame_oil,,,,,,
diet_flag_mismatch,warning,soup_soupe_pho_tofu_ff34d4,,Contient fruits à coque/sésame: sesame_oil,,,,,,
diet_flag_mismatch,warning,soup_thai_green_curry_56dfda,,Contient fruits à coque/sésame: sesame_oil,,,,,,
diet_flag_mismatch,warning,soup_thai_red_curry_f6bb3c,,Contient fruits à coque/sésame: sesame_oil,,,,,,
diet_flag_mismatch,warning,soup_vegetable_pho_834778,,Contient fruits à coque/sésame: sesame_oil,,,,,,
diet_flag_mismatch,warning,rice_vegetable_sushi_9aad8a,,Contient fruits à coque/sésame: sesame_oil,,,,,,
diet_flag_mismatch,warning,rice_kimchi_fried_rice_1f3e90,,Contient fruits à coque/sésame: sesame_oil,,,,,,
diet_flag_mismatch,warning,rice_kimchi_bokkeumbap_2cbfe6,,Contient fruits à coque/sésame: sesame_oil,,,,,,
diet_flag_mismatch,warning,soup_laksa_malaisien_dd7512,,Contient fruits à coque/sésame: sesame_oil,,,,,,
diet_flag_mismatch,warning,soup_laksa_thai_7b1720,,Contient fruits à coque/sésame: sesame_oil,,,,,,
diet_flag_mismatch,warning,soup_soupe_laksa_coco_729105,,Contient fruits à coque/sésame: sesame_oil,,,,,,
diet_flag_mismatch,warning,soup_vegetable_laksa_ab0112,,Contient fruits à coque/sésame: sesame_oil,,,,,,
diet_flag_mismatch,warning,salad_asiatique_sesame_948f03,,Contient fruits à coque/sésame: sesame_oil,,,,,,
diet_flag_mismatch,warning,soup_soupe_thai_coco_citronnelle_375c23,,Contient fruits à coque/sésame: sesame_oil,,,,,,
diet_flag_mismatch,warning,soup_soupe_tom_yum_0c2265,,Contient fruits à coque/sésame: sesame_oil,,,,,,
diet_flag_mismatch,warning,stew_sundubu_tofu_stew_ebe50e,,Contient gluten potentiel: gochujang,,,,,,
diet_flag_mismatch,warning,main_caviar_d_aubergine_0e824d,,Contient fruits à coque/sésame: tahini,,,,,,
diet_flag_mismatch,warning,pasta_bibim_guksu_9c8f25,,Contient fruits à coque/sésame: sesame_oil,,,,,,
diet_flag_mismatch,warning,wok_bok_choy_saute_a_lail_309f8e,,Contient fruits à coque/sésame: sesame_oil,,,,,,
diet_flag_mismatch,warning,dal_buddha_bowl_4ffca3,,Contient fruits à coque/sésame: tahini,,,,,,
diet_flag_mismatch,warning,protein_buddhas_delight_f736c7,,Contient fruits à coque/sésame: sesame_oil,,,,,,
diet_flag_mismatch,warning,protein_bulgogi_tofu_fc5de9,,Contient fruits à coque/sésame: sesame_oil,,,,,,
diet_flag_mismatch,warning,soup_haricots_au_lait_de_coco_207254,,Contient fruits à coque/sésame: sesame_oil,,,,,,
diet_flag_mismatch,warning,soup_courge_au_lait_de_coco_224d09,,Contient fruits à coque/sésame: sesame_oil,,,,,,
diet_flag_mismatch,warning,dal_grain_bowl_mediterraneen_2d5531,,Contient fruits à coque/sésame: tahini,,,,,,
diet_flag_mismatch,warning,soup_hot_pot_e7fc15,,Contient fruits à coque/sésame: tahini,,,,,,
diet_flag_mismatch,warning,pasta_nouilles_coreennes_aux_legumes_82115e,,Contient fruits à coque/sésame: sesame_oil,,,,,,
diet_flag_mismatch,warning,rice_kimbap_4cb3da,,Contient fruits à coque/sésame: sesame_oil,,,,,,
diet_flag_mismatch,warning,salad_de_pousses_de_soja_coreen_d07502,,Contient fruits à coque/sésame: sesame_oil,,,,,,
diet_flag_mismatch,warning,protein_buddha_s_delight_771131,,Contient fruits à coque/sésame: sesame_oil,,,,,,
diet_flag_mismatch,warning,rice_riz_frit_2763d3,,Contient fruits à coque/sésame: sesame_oil,,,,,,
diet_flag_mismatch,warning,egg_sabich_b270c4,,Contient fruits à coque/sésame: tahini,,,,,,
diet_flag_mismatch,warning,main_epinards_assaisonnes_core_b596b9,,Contient fruits à coque/sésame: sesame_oil,,,,,,
diet_flag_mismatch,warning,egg_sundubu_jjigae_bc21e0,,Contient gluten potentiel: gochujang,,,,,,
diet_flag_mismatch,warning,egg_sundubu_jjigae_bc21e0,,Contient fruits à coque/sésame: sesame_oil,,,,,,
diet_flag_mismatch,warning,rice_salade_de_concombre_japonaise_d66133,,Contient fruits à coque/sésame: sesame_oil,,,,,,
diet_flag_mismatch,warning,soup_thai_basil_tofu_c7e4ad,,Contient fruits à coque/sésame: sesame_oil,,,,,,
diet_flag_mismatch,warning,wok_tofu_saute_aux_legumes_1f3ac2,,Contient fruits à coque/sésame: sesame_oil,,,,,,
diet_flag_mismatch,warning,protein_tofu_braise_aux_champigno_c515dd,,Contient fruits à coque/sésame: sesame_oil,,,,,,
diet_flag_mismatch,warning,sauce_tofu_croustillant_sauce_a_b8be56,,Contient fruits à coque/sésame: sesame_oil,,,,,,
diet_flag_mismatch,warning,wok_tofu_saute_gingembre_soja_6e901c,,Contient fruits à coque/sésame: sesame_oil,,,,,,
diet_flag_mismatch,warning,soup_tom_yum_8001c0,,Contient fruits à coque/sésame: sesame_oil,,,,,,
diet_flag_mismatch,warning,rice_vegetable_fried_rice_cd489b,,Contient fruits à coque/sésame: sesame_oil,,,,,,
diet_flag_mismatch,warning,rice_bibimbap_tofu_vegan_96d998,,Contient fruits à coque/sésame: sesame_oil,,,,,,
diet_flag_mismatch,warning,falafel_bowl_de_falafel_vegan_f4fd40,,Contient fruits à coque/sésame: tahini,,,,,,
diet_flag_mismatch,warning,rice_riz_saute_au_kimchi_vegan_af038b,,Contient fruits à coque/sésame: sesame_oil,,,,,,
diet_flag_mismatch,warning,rice_kimchi_bokkeumbap_vegan_b1fa03,,Contient fruits à coque/sésame: sesame_oil,,,,,,
diet_flag_mismatch,warning,soup_sundubu_tofu_stew_vegan_90e5c8,,Contient gluten potentiel: gochujang,,,,,,
diet_flag_mismatch,warning,snack_kimbap_vegan_c40dc4,,Contient fruits à coque/sésame: sesame_oil,,,,,,
diet_flag_mismatch,warning,side_riz_frit_vegan_d17d25,,Contient fruits à coque/sésame: sesame_oil,,,,,,
diet_flag_mismatch,warning,egg_sabich_vegan_c9653c,,Contient fruits à coque/sésame: tahini,,,,,,
diet_flag_mismatch,warning,soup_sundubu_jjigae_vegan_97ab2e,,Contient gluten potentiel: gochujang,,,,,,
diet_flag_mismatch,warning,soup_sundubu_jjigae_vegan_97ab2e,,Contient fruits à coque/sésame: sesame_oil,,,,,,
diet_flag_mismatch,warning,entry_rillettes_lentilles_corai_40d7dc,,Contient fruits à coque/sésame: tahini,,,,,,
diet_flag_mismatch,warning,entry_white_bean_dip_ail_roti_e61590,,Contient fruits à coque/sésame: tahini,,,,,,
diet_flag_mismatch,warning,side_patates_douces_roties_au_746605,,Contient fruits à coque/sésame: sesame_oil,,,,,,
diet_flag_mismatch,warning,side_potimarron_roti_aux_epice_b9c552,,Contient fruits à coque/sésame: tahini,,,,,,
allergen_not_declared,error,curry_japanese_classic_v3_m8q2z4,,Ingrédient déclencheur présent mais allergène non déclaré: {'butter'},,lactose,,,,
allergen_not_declared,error,wok_thai_veg_eb92db,,Ingrédient déclencheur présent mais allergène non déclaré: {'egg'},,oeuf,,,,
allergen_not_declared,error,pasta_pates_carbonara_7e4f1a,,Ingrédient déclencheur présent mais allergène non déclaré: {'parmesan'},,lactose,,,,
allergen_not_declared,error,pasta_carbonara_veg_k3d2p1,,Ingrédient déclencheur présent mais allergène non déclaré: {'cheese'},,lactose,,,,
allergen_not_declared,error,pasta_carbonara_veg_k3d2p1,,Ingrédient déclencheur présent mais allergène non déclaré: {'egg'},,oeuf,,,,
allergen_not_declared,error,rice_risotto_aux_champignon_25ed38,,"Ingrédient déclencheur présent mais allergène non déclaré: {'butter', 'parmesan'}",,lactose,,,,
allergen_not_declared,error,rice_bibimbap_tofu_a265dc,,Ingrédient déclencheur présent mais allergène non déclaré: {'egg'},,oeuf,,,,
allergen_not_declared,error,rice_biryani_2e55a5,,Ingrédient déclencheur présent mais allergène non déclaré: {'ghee'},,lactose,,,,
allergen_not_declared,error,dal_falafel_bowl_cdf516,,Ingrédient déclencheur présent mais allergène non déclaré: {'yogurt'},,lactose,,,,
allergen_not_declared,error,bread_katsu_bf3f1e,,Ingrédient déclencheur présent mais allergène non déclaré: {'egg'},,oeuf,,,,
allergen_not_declared,error,pasta_lasagnes_8adf61,,"Ingrédient déclencheur présent mais allergène non déclaré: {'parmesan', 'mozzarella'}",,lactose,,,,
allergen_not_declared,error,protein_paneer_tikka_94f80a,,Ingrédient déclencheur présent mais allergène non déclaré: {'yogurt'},,lactose,,,,
allergen_not_declared,error,dumpling_pierogi_pommes_de_terre_ca9985,,Ingrédient déclencheur présent mais allergène non déclaré: {'butter'},,lactose,,,,
allergen_not_declared,error,dumpling_pierogi_pommes_de_terre_ca9985,,Ingrédient déclencheur présent mais allergène non déclaré: {'egg'},,oeuf,,,,
allergen_not_declared,error,dumpling_pierogi_aux_champignons_d86017,,Ingrédient déclencheur présent mais allergène non déclaré: {'egg'},,oeuf,,,,
allergen_not_declared,error,wrap_quesadillas_au_fromage_511e1a,,Ingrédient déclencheur présent mais allergène non déclaré: {'cheese'},,lactose,,,,
allergen_not_declared,error,wrap_quesadillas_c8edf2,,Ingrédient déclencheur présent mais allergène non déclaré: {'cheese'},,lactose,,,,
allergen_not_declared,error,rice_risotto_ai_funghi_395f00,,"Ingrédient déclencheur présent mais allergène non déclaré: {'butter', 'parmesan'}",,lactose,,,,
allergen_not_declared,error,rice_risotto_al_limone_4088e5,,"Ingrédient déclencheur présent mais allergène non déclaré: {'butter', 'parmesan'}",,lactose,,,,
allergen_not_declared,error,rice_risotto_citron_asperges_f2f765,,"Ingrédient déclencheur présent mais allergène non déclaré: {'butter', 'parmesan'}",,lactose,,,,
allergen_not_declared,error,side_rosti_4ec9f8,,Ingrédient déclencheur présent mais allergène non déclaré: {'butter'},,lactose,,,,
allergen_not_declared,error,egg_slovak_potato_dumplings_e85ebb,,Ingrédient déclencheur présent mais allergène non déclaré: {'butter'},,lactose,,,,
allergen_not_declared,error,egg_slovak_potato_dumplings_e85ebb,,Ingrédient déclencheur présent mais allergène non déclaré: {'egg'},,oeuf,,,,
allergen_not_declared,error,main_aubergines_parmigiana_sim_e5028f,,"Ingrédient déclencheur présent mais allergène non déclaré: {'parmesan', 'mozzarella'}",,lactose,,,,
allergen_not_declared,error,main_aubergines_parmigiana_com_c7d591,,"Ingrédient déclencheur présent mais allergène non déclaré: {'parmesan', 'mozzarella'}",,lactose,,,,
allergen_not_declared,error,protein_gadogado_indonesien_200c65,,Ingrédient déclencheur présent mais allergène non déclaré: {'egg'},,oeuf,,,,
allergen_not_declared,error,rice_kimchi_fried_rice_1f3e90,,Ingrédient déclencheur présent mais allergène non déclaré: {'egg'},,oeuf,,,,
allergen_not_declared,error,rice_kimchi_bokkeumbap_2cbfe6,,Ingrédient déclencheur présent mais allergène non déclaré: {'egg'},,oeuf,,,,
allergen_not_declared,error,rice_nasi_goreng_edfce4,,Ingrédient déclencheur présent mais allergène non déclaré: {'egg'},,oeuf,,,,
allergen_not_declared,error,main_parmigiana_di_melanzane_6bd49f,,"Ingrédient déclencheur présent mais allergène non déclaré: {'parmesan', 'mozzarella'}",,lactose,,,,
allergen_not_declared,error,main_polenta_ai_funghi_b96235,,"Ingrédient déclencheur présent mais allergène non déclaré: {'butter', 'parmesan'}",,lactose,,,,
allergen_not_declared,error,main_polenta_aux_champignons_5af074,,"Ingrédient déclencheur présent mais allergène non déclaré: {'butter', 'parmesan'}",,lactose,,,,
allergen_not_declared,error,egg_quiche_lorraine_vegetarienne_77343c,,"Ingrédient déclencheur présent mais allergène non déclaré: {'cream', 'cheese'}",,lactose,,,,
allergen_not_declared,error,egg_quiche_lorraine_vegetarienne_77343c,,Ingrédient déclencheur présent mais allergène non déclaré: {'egg'},,oeuf,,,,
allergen_not_declared,error,egg_shakshouka_epicee_759f26,,Ingrédient déclencheur présent mais allergène non déclaré: {'egg'},,oeuf,,,,
allergen_not_declared,error,egg_shakshouka_douce_12b34f,,Ingrédient déclencheur présent mais allergène non déclaré: {'egg'},,oeuf,,,,
allergen_not_declared,error,egg_spanakopita_f5da1b,,"Ingrédient déclencheur présent mais allergène non déclaré: {'feta', 'butter'}",,lactose,,,,
allergen_not_declared,error,egg_spanakopita_f5da1b,,Ingrédient déclencheur présent mais allergène non déclaré: {'egg'},,oeuf,,,,
allergen_not_declared,error,egg_spanakopita_a_la_muscade_9f26d0,,"Ingrédient déclencheur présent mais allergène non déclaré: {'feta', 'butter'}",,lactose,,,,
allergen_not_declared,error,egg_spanakopita_a_la_muscade_9f26d0,,Ingrédient déclencheur présent mais allergène non déclaré: {'egg'},,oeuf,,,,
allergen_not_declared,error,main_bulgarian_shopska_salad_d473eb,,Ingrédient déclencheur présent mais allergène non déclaré: {'feta'},,lactose,,,,
allergen_not_declared,error,soup_aigrepiquante_5245bb,,Ingrédient déclencheur présent mais allergène non déclaré: {'egg'},,oeuf,,,,
allergen_not_declared,error,salad_nicoise_3b123f,,Ingrédient déclencheur présent mais allergène non déclaré: {'egg'},,oeuf,,,,
allergen_not_declared,error,salad_grecque_classique_f83c30,,Ingrédient déclencheur présent mais allergène non déclaré: {'feta'},,lactose,,,,
allergen_not_declared,error,salad_grecque_simplifiee_34b852,,Ingrédient déclencheur présent mais allergène non déclaré: {'feta'},,lactose,,,,
allergen_not_declared,error,soup_soupe_a_l_oignon_gratinee_f0fd17,,Ingrédient déclencheur présent mais allergène non déclaré: {'butter'},,lactose,,,,
allergen_not_declared,error,soup_soupe_a_l_oignon_au_thym_4c6c6f,,Ingrédient déclencheur présent mais allergène non déclaré: {'butter'},,lactose,,,,
allergen_not_declared,error,stew_sundubu_tofu_stew_ebe50e,,Ingrédient déclencheur présent mais allergène non déclaré: {'gochujang'},,gluten,,,,
allergen_not_declared,error,stew_sundubu_tofu_stew_ebe50e,,Ingrédient déclencheur présent mais allergène non déclaré: {'gochujang'},,soja,,,,
allergen_not_declared,error,stew_sundubu_tofu_stew_ebe50e,,Ingrédient déclencheur présent mais allergène non déclaré: {'egg'},,oeuf,,,,
allergen_not_declared,error,dal_turkish_mercimek_soup_a7afcf,,Ingrédient déclencheur présent mais allergène non déclaré: {'butter'},,lactose,,,,
allergen_not_declared,error,main_arepas_fromage_e3a54c,,Ingrédient déclencheur présent mais allergène non déclaré: {'cheese'},,lactose,,,,
allergen_not_declared,error,main_arepas_a70a2e,,Ingrédient déclencheur présent mais allergène non déclaré: {'cheese'},,lactose,,,,
allergen_not_declared,error,bread_acorda_a_lail_et_coriandr_048494,,Ingrédient déclencheur présent mais allergène non déclaré: {'egg'},,oeuf,,,,
allergen_not_declared,error,main_baked_ziti_b9e13e,,"Ingrédient déclencheur présent mais allergène non déclaré: {'parmesan', 'mozzarella'}",,lactose,,,,
allergen_not_declared,error,protein_banh_mi_tofu_9b1ea2,,Ingrédient déclencheur présent mais allergène non déclaré: {'mayonnaise'},,oeuf,,,,
allergen_not_declared,error,bread_bannock_e03ffe,,Ingrédient déclencheur présent mais allergène non déclaré: {'butter'},,lactose,,,,
allergen_not_declared,error,egg_baursak_68b192,,Ingrédient déclencheur présent mais allergène non déclaré: {'milk'},,lactose,,,,
allergen_not_declared,error,egg_baursak_68b192,,Ingrédient déclencheur présent mais allergène non déclaré: {'egg'},,oeuf,,,,
allergen_not_declared,error,main_crumble_aux_myrtilles_5f7d47,,Ingrédient déclencheur présent mais allergène non déclaré: {'butter'},,lactose,,,,
allergen_not_declared,error,egg_galettes_de_pommes_de_terre_tc_4f360c,,Ingrédient déclencheur présent mais allergène non déclaré: {'egg'},,oeuf,,,,
allergen_not_declared,error,egg_brazilian_feijo_tropeiro_af46ce,,Ingrédient déclencheur présent mais allergène non déclaré: {'egg'},,oeuf,,,,
allergen_not_declared,error,bread_chilaquiles_13372e,,Ingrédient déclencheur présent mais allergène non déclaré: {'cheese'},,lactose,,,,
allergen_not_declared,error,bread_chilaquiles_13372e,,Ingrédient déclencheur présent mais allergène non déclaré: {'egg'},,oeuf,,,,
allergen_not_declared,error,snack_empanadas_au_fromage_466bc4,,Ingrédient déclencheur présent mais allergène non déclaré: {'cheese'},,lactose,,,,
allergen_not_declared,error,snack_empanadas_au_fromage_466bc4,,Ingrédient déclencheur présent mais allergène non déclaré: {'egg'},,oeuf,,,,
allergen_not_declared,error,snack_empanadas_974cf2,,Ingrédient déclencheur présent mais allergène non déclaré: {'cheese'},,lactose,,,,
allergen_not_declared,error,snack_empanadas_974cf2,,Ingrédient déclencheur présent mais allergène non déclaré: {'egg'},,oeuf,,,,
allergen_not_declared,error,bread_enchiladas_fe7221,,Ingrédient déclencheur présent mais allergène non déclaré: {'cheese'},,lactose,,,,
allergen_not_declared,error,main_farofa_bresilienne_29e38e,,Ingrédient déclencheur présent mais allergène non déclaré: {'butter'},,lactose,,,,
allergen_not_declared,error,egg_feijo_tropeiro_bb31e4,,Ingrédient déclencheur présent mais allergène non déclaré: {'egg'},,oeuf,,,,
allergen_not_declared,error,rice_karelian_pies_106cca,,Ingrédient déclencheur présent mais allergène non déclaré: {'milk'},,lactose,,,,
allergen_not_declared,error,rice_karelian_pies_106cca,,Ingrédient déclencheur présent mais allergène non déclaré: {'egg'},,oeuf,,,,
allergen_not_declared,error,rice_fried_rice_chinois_9d1d40,,Ingrédient déclencheur présent mais allergène non déclaré: {'egg'},,oeuf,,,,
allergen_not_declared,error,main_greek_briam_4091c5,,Ingrédient déclencheur présent mais allergène non déclaré: {'feta'},,lactose,,,,
allergen_not_declared,error,main_gozleme_aux_epinards_66eccf,,Ingrédient déclencheur présent mais allergène non déclaré: {'cheese'},,lactose,,,,
allergen_not_declared,error,main_humita_andine_fe7789,,"Ingrédient déclencheur présent mais allergène non déclaré: {'milk', 'cheese'}",,lactose,,,,
allergen_not_declared,error,rice_jeera_rice_a4633c,,Ingrédient déclencheur présent mais allergène non déclaré: {'butter'},,lactose,,,,
allergen_not_declared,error,dal_kadhi_pakora_078de2,,Ingrédient déclencheur présent mais allergène non déclaré: {'yogurt'},,lactose,,,,
allergen_not_declared,error,main_kashke_bademjan_10dd33,,Ingrédient déclencheur présent mais allergène non déclaré: {'butter'},,lactose,,,,
allergen_not_declared,error,egg_khachapuri_134434,,"Ingrédient déclencheur présent mais allergène non déclaré: {'butter', 'cheese', 'yogurt'}",,lactose,,,,
allergen_not_declared,error,egg_khachapuri_134434,,Ingrédient déclencheur présent mais allergène non déclaré: {'egg'},,oeuf,,,,
allergen_not_declared,error,rice_kimbap_4cb3da,,Ingrédient déclencheur présent mais allergène non déclaré: {'egg'},,oeuf,,,,
allergen_not_declared,error,main_spatzle_au_fromage_586859,,"Ingrédient déclencheur présent mais allergène non déclaré: {'butter', 'cheese'}",,lactose,,,,
allergen_not_declared,error,dal_lentil_shepherd_s_pie_477c76,,"Ingrédient déclencheur présent mais allergène non déclaré: {'butter', 'milk'}",,lactose,,,,
allergen_not_declared,error,dal_lentil_shepherd_pie_9a295e,,"Ingrédient déclencheur présent mais allergène non déclaré: {'butter', 'milk'}",,lactose,,,,
allergen_not_declared,error,pasta_mac_and_cheese_b3073b,,"Ingrédient déclencheur présent mais allergène non déclaré: {'butter', 'milk'}",,lactose,,,,
allergen_not_declared,error,main_carottes_glacees_a_lerabl_87d5f0,,Ingrédient déclencheur présent mais allergène non déclaré: {'butter'},,lactose,,,,
allergen_not_declared,error,egg_menemen_681f60,,Ingrédient déclencheur présent mais allergène non déclaré: {'egg'},,oeuf,,,,
allergen_not_declared,error,bread_mexican_enfrijoladas_578ae7,,Ingrédient déclencheur présent mais allergène non déclaré: {'cheese'},,lactose,,,,
allergen_not_declared,error,egg_mirza_ghasemi_454e24,,Ingrédient déclencheur présent mais allergène non déclaré: {'egg'},,oeuf,,,,
allergen_not_declared,error,egg_ojja_5bdbea,,Ingrédient déclencheur présent mais allergène non déclaré: {'egg'},,oeuf,,,,
allergen_not_declared,error,egg_okonomiyaki_c105e0,,Ingrédient déclencheur présent mais allergène non déclaré: {'egg'},,oeuf,,,,
allergen_not_declared,error,egg_crepe_coreenne_aux_oignons_ver_356ac2,,Ingrédient déclencheur présent mais allergène non déclaré: {'egg'},,oeuf,,,,
allergen_not_declared,error,sauce_pommes_de_terre_sauce_hua_3304de,,Ingrédient déclencheur présent mais allergène non déclaré: {'milk'},,lactose,,,,
allergen_not_declared,error,pasta_pasta_primavera_3f5fc5,,Ingrédient déclencheur présent mais allergène non déclaré: {'parmesan'},,lactose,,,,
allergen_not_declared,error,pasta_pasta_alla_norma_5cc26e,,Ingrédient déclencheur présent mais allergène non déclaré: {'ricotta'},,lactose,,,,
allergen_not_declared,error,main_pav_bhaji_e99df8,,Ingrédient déclencheur présent mais allergène non déclaré: {'butter'},,lactose,,,,
allergen_not_declared,error,egg_pita_aux_epinards_f1f6ff,,"Ingrédient déclencheur présent mais allergène non déclaré: {'feta', 'butter'}",,lactose,,,,
allergen_not_declared,error,egg_pita_aux_epinards_f1f6ff,,Ingrédient déclencheur présent mais allergène non déclaré: {'egg'},,oeuf,,,,
allergen_not_declared,error,main_pupusas_aux_haricots_fc8bfd,,Ingrédient déclencheur présent mais allergène non déclaré: {'cheese'},,lactose,,,,
allergen_not_declared,error,main_pupusas_9d2c72,,Ingrédient déclencheur présent mais allergène non déclaré: {'cheese'},,lactose,,,,
allergen_not_declared,error,pasta_pates_primavera_74711d,,Ingrédient déclencheur présent mais allergène non déclaré: {'parmesan'},,lactose,,,,
allergen_not_declared,error,egg_pain_au_fromage_bresilien_603bf5,,"Ingrédient déclencheur présent mais allergène non déclaré: {'milk', 'cheese'}",,lactose,,,,
allergen_not_declared,error,egg_pain_au_fromage_bresilien_603bf5,,Ingrédient déclencheur présent mais allergène non déclaré: {'egg'},,oeuf,,,,
allergen_not_declared,error,egg_galettes_de_pommes_de_terre_su_0d7814,,Ingrédient déclencheur présent mais allergène non déclaré: {'milk'},,lactose,,,,
allergen_not_declared,error,egg_galettes_de_pommes_de_terre_su_0d7814,,Ingrédient déclencheur présent mais allergène non déclaré: {'egg'},,oeuf,,,,
allergen_not_declared,error,rice_riz_frit_2763d3,,Ingrédient déclencheur présent mais allergène non déclaré: {'egg'},,oeuf,,,,
allergen_not_declared,error,rice_riz_pilaf_turc_52cfe9,,Ingrédient déclencheur présent mais allergène non déclaré: {'butter'},,lactose,,,,
allergen_not_declared,error,egg_sabich_b270c4,,Ingrédient déclencheur présent mais allergène non déclaré: {'egg'},,oeuf,,,,
allergen_not_declared,error,rice_sabzi_polo_e099d2,,Ingrédient déclencheur présent mais allergène non déclaré: {'butter'},,lactose,,,,
allergen_not_declared,error,egg_galettes_aux_oignons_verts_ff5328,,Ingrédient déclencheur présent mais allergène non déclaré: {'egg'},,oeuf,,,,
allergen_not_declared,error,bread_quenelles_de_pain_813118,,"Ingrédient déclencheur présent mais allergène non déclaré: {'butter', 'milk'}",,lactose,,,,
allergen_not_declared,error,bread_quenelles_de_pain_813118,,Ingrédient déclencheur présent mais allergène non déclaré: {'egg'},,oeuf,,,,
allergen_not_declared,error,egg_shakshuka_eb137b,,Ingrédient déclencheur présent mais allergène non déclaré: {'feta'},,lactose,,,,
allergen_not_declared,error,egg_shakshuka_eb137b,,Ingrédient déclencheur présent mais allergène non déclaré: {'egg'},,oeuf,,,,
allergen_not_declared,error,salad_andine_au_fromage_c537bd,,Ingrédient déclencheur présent mais allergène non déclaré: {'cheese'},,lactose,,,,
allergen_not_declared,error,egg_sopa_paraguaya_43987c,,"Ingrédient déclencheur présent mais allergène non déclaré: {'milk', 'cheese'}",,lactose,,,,
allergen_not_declared,error,egg_sopa_paraguaya_43987c,,Ingrédient déclencheur présent mais allergène non déclaré: {'egg'},,oeuf,,,,
allergen_not_declared,error,egg_sundubu_jjigae_bc21e0,,Ingrédient déclencheur présent mais allergène non déclaré: {'gochujang'},,gluten,,,,
allergen_not_declared,error,egg_sundubu_jjigae_bc21e0,,Ingrédient déclencheur présent mais allergène non déclaré: {'gochujang'},,soja,,,,
allergen_not_declared,error,egg_sundubu_jjigae_bc21e0,,Ingrédient déclencheur présent mais allergène non déclaré: {'egg'},,oeuf,,,,
allergen_not_declared,error,soup_tamales_7dd98a,,Ingrédient déclencheur présent mais allergène non déclaré: {'cheese'},,lactose,,,,
allergen_not_declared,error,egg_tortilla_espa_ola_51a108,,Ingrédient déclencheur présent mais allergène non déclaré: {'egg'},,oeuf,,,,
allergen_not_declared,error,egg_tortilla_espagnole_6cd136,,Ingrédient déclencheur présent mais allergène non déclaré: {'egg'},,oeuf,,,,
allergen_not_declared,error,bread_tostadas_06442e,,Ingrédient déclencheur présent mais allergène non déclaré: {'creme_fraiche'},,lactose,,,,
allergen_not_declared,error,egg_vareniki_53686a,,Ingrédient déclencheur présent mais allergène non déclaré: {'butter'},,lactose,,,,
allergen_not_declared,error,egg_vareniki_53686a,,Ingrédient déclencheur présent mais allergène non déclaré: {'egg'},,oeuf,,,,
allergen_not_declared,error,main_varenyky_pomme_de_terre_0bb7cf,,Ingrédient déclencheur présent mais allergène non déclaré: {'butter'},,lactose,,,,
allergen_not_declared,error,dal_boulettes_suedoises_2ac55d,,Ingrédient déclencheur présent mais allergène non déclaré: {'egg'},,oeuf,,,,
allergen_not_declared,error,salad_shopska_04dd73,,Ingrédient déclencheur présent mais allergène non déclaré: {'feta'},,lactose,,,,
allergen_not_declared,error,gratin_dauphinois_930151,,"Ingrédient déclencheur présent mais allergène non déclaré: {'cream', 'butter', 'milk'}",,lactose,,,,
allergen_not_declared,error,egg_omelette_nature_d72ed2,,Ingrédient déclencheur présent mais allergène non déclaré: {'butter'},,lactose,,,,
allergen_not_declared,error,soup_vichyssoise_d28d4b,,Ingrédient déclencheur présent mais allergène non déclaré: {'butter'},,lactose,,,,
allergen_not_declared,error,soup_veloute_de_potimarron_776ea1,,Ingrédient déclencheur présent mais allergène non déclaré: {'butter'},,lactose,,,,
allergen_not_declared,error,soup_veloute_d_asperges_7da98f,,Ingrédient déclencheur présent mais allergène non déclaré: {'butter'},,lactose,,,,
allergen_not_declared,error,soup_potage_saint_germain_e23f6b,,Ingrédient déclencheur présent mais allergène non déclaré: {'butter'},,lactose,,,,
allergen_not_declared,error,soup_bisque_de_champignons_63fa25,,Ingrédient déclencheur présent mais allergène non déclaré: {'butter'},,lactose,,,,
allergen_not_declared,error,soup_veloute_de_celeri_rave_b33921,,Ingrédient déclencheur présent mais allergène non déclaré: {'butter'},,lactose,,,,
allergen_not_declared,error,soup_soupe_de_topinambours_175dc4,,Ingrédient déclencheur présent mais allergène non déclaré: {'butter'},,lactose,,,,
allergen_not_declared,error,main_gratin_de_courgettes_35b5b8,,"Ingrédient déclencheur présent mais allergène non déclaré: {'butter', 'milk', 'parmesan'}",,lactose,,,,
allergen_not_declared,error,main_gratin_de_courgettes_35b5b8,,Ingrédient déclencheur présent mais allergène non déclaré: {'egg'},,oeuf,,,,
allergen_not_declared,error,main_flamiche_aux_poireaux_fa3d0b,,Ingrédient déclencheur présent mais allergène non déclaré: {'butter'},,lactose,,,,
allergen_not_declared,error,main_flamiche_aux_poireaux_fa3d0b,,Ingrédient déclencheur présent mais allergène non déclaré: {'egg'},,oeuf,,,,
allergen_not_declared,error,main_tarte_oignon_alsacienne_c49dd2,,"Ingrédient déclencheur présent mais allergène non déclaré: {'creme_fraiche', 'butter'}",,lactose,,,,
allergen_not_declared,error,main_tarte_oignon_alsacienne_c49dd2,,Ingrédient déclencheur présent mais allergène non déclaré: {'egg'},,oeuf,,,,
allergen_not_declared,error,main_gratin_de_poireaux_808071,,"Ingrédient déclencheur présent mais allergène non déclaré: {'butter', 'milk'}",,lactose,,,,
allergen_not_declared,error,main_gratin_de_chou_fleur_bad955,,"Ingrédient déclencheur présent mais allergène non déclaré: {'butter', 'milk'}",,lactose,,,,
allergen_not_declared,error,main_tarte_roquefort_et_noix_b24bec,,Ingrédient déclencheur présent mais allergène non déclaré: {'creme_fraiche'},,lactose,,,,
allergen_not_declared,error,main_tarte_roquefort_et_noix_b24bec,,Ingrédient déclencheur présent mais allergène non déclaré: {'egg'},,oeuf,,,,
allergen_not_declared,error,main_gratin_de_potiron_839446,,"Ingrédient déclencheur présent mais allergène non déclaré: {'creme_fraiche', 'butter'}",,lactose,,,,
allergen_not_declared,error,main_tourte_aux_champignons_85adfb,,Ingrédient déclencheur présent mais allergène non déclaré: {'butter'},,lactose,,,,
allergen_not_declared,error,snack_tarte_soleil_pesto_46f867,,Ingrédient déclencheur présent mais allergène non déclaré: {'parmesan'},,lactose,,,,
allergen_not_declared,error,main_gratin_de_navets_e164d6,,Ingrédient déclencheur présent mais allergène non déclaré: {'creme_fraiche'},,lactose,,,,
allergen_not_declared,error,main_aligot_c03237,,Ingrédient déclencheur présent mais allergène non déclaré: {'butter'},,lactose,,,,
allergen_not_declared,error,main_piperade_basque_3e1c65,,Ingrédient déclencheur présent mais allergène non déclaré: {'egg'},,oeuf,,,,
allergen_not_declared,error,main_galettes_sarrasin_ce9f40,,Ingrédient déclencheur présent mais allergène non déclaré: {'butter'},,lactose,,,,
allergen_not_declared,error,main_galettes_sarrasin_ce9f40,,Ingrédient déclencheur présent mais allergène non déclaré: {'egg'},,oeuf,,,,
allergen_not_declared,error,main_girolles_a_la_creme_7d432d,,Ingrédient déclencheur présent mais allergène non déclaré: {'butter'},,lactose,,,,
allergen_not_declared,error,main_endives_au_gratin_6b58ee,,"Ingrédient déclencheur présent mais allergène non déclaré: {'butter', 'milk'}",,lactose,,,,
allergen_not_declared,error,main_fricassee_printaniere_619cae,,Ingrédient déclencheur présent mais allergène non déclaré: {'butter'},,lactose,,,,
allergen_not_declared,error,entry_celeri_remoulade_d5d1b9,,Ingrédient déclencheur présent mais allergène non déclaré: {'mayonnaise'},,oeuf,,,,
allergen_not_declared,error,entry_haricots_verts_amandine_391638,,Ingrédient déclencheur présent mais allergène non déclaré: {'butter'},,lactose,,,,
allergen_not_declared,error,salad_salade_lyonnaise_f54cfd,,Ingrédient déclencheur présent mais allergène non déclaré: {'egg'},,oeuf,,,,
allergen_not_declared,error,entry_œufs_en_meurette_b8fce3,,Ingrédient déclencheur présent mais allergène non déclaré: {'butter'},,lactose,,,,
allergen_not_declared,error,entry_œufs_en_meurette_b8fce3,,Ingrédient déclencheur présent mais allergène non déclaré: {'egg'},,oeuf,,,,
allergen_not_declared,error,entry_feuilletes_champignons_260af3,,Ingrédient déclencheur présent mais allergène non déclaré: {'butter'},,lactose,,,,
allergen_not_declared,error,main_crepe_complete_1d0fb7,,Ingrédient déclencheur présent mais allergène non déclaré: {'butter'},,lactose,,,,
allergen_not_declared,error,main_crepe_complete_1d0fb7,,Ingrédient déclencheur présent mais allergène non déclaré: {'egg'},,oeuf,,,,
allergen_not_declared,error,snack_cake_olives_et_herbes_d13d34,,"Ingrédient déclencheur présent mais allergène non déclaré: {'milk', 'parmesan'}",,lactose,,,,
allergen_not_declared,error,snack_cake_olives_et_herbes_d13d34,,Ingrédient déclencheur présent mais allergène non déclaré: {'egg'},,oeuf,,,,
allergen_not_declared,error,dessert_clafoutis_cerises_0731cf,,Ingrédient déclencheur présent mais allergène non déclaré: {'milk'},,lactose,,,,
allergen_not_declared,error,dessert_clafoutis_cerises_0731cf,,Ingrédient déclencheur présent mais allergène non déclaré: {'egg'},,oeuf,,,,
allergen_not_declared,error,dessert_kouign_amann_a71af6,,Ingrédient déclencheur présent mais allergène non déclaré: {'butter'},,lactose,,,,
allergen_not_declared,error,dessert_caneles_bordelais_ea24bb,,"Ingrédient déclencheur présent mais allergène non déclaré: {'butter', 'milk'}",,lactose,,,,
allergen_not_declared,error,dessert_caneles_bordelais_ea24bb,,Ingrédient déclencheur présent mais allergène non déclaré: {'egg'},,oeuf,,,,
allergen_not_declared,error,dessert_gateau_basque_f22cc0,,Ingrédient déclencheur présent mais allergène non déclaré: {'butter'},,lactose,,,,
allergen_not_declared,error,dessert_gateau_basque_f22cc0,,Ingrédient déclencheur présent mais allergène non déclaré: {'egg'},,oeuf,,,,
allergen_not_declared,error,dessert_tarte_pommes_normande_f10299,,Ingrédient déclencheur présent mais allergène non déclaré: {'egg'},,oeuf,,,,
allergen_not_declared,error,brkf_brioche_vendeenne_cf19a4,,"Ingrédient déclencheur présent mais allergène non déclaré: {'butter', 'milk'}",,lactose,,,,
allergen_not_declared,error,brkf_brioche_vendeenne_cf19a4,,Ingrédient déclencheur présent mais allergène non déclaré: {'egg'},,oeuf,,,,
allergen_not_declared,error,dessert_profiteroles_0d0e42,,Ingrédient déclencheur présent mais allergène non déclaré: {'butter'},,lactose,,,,
allergen_not_declared,error,dessert_profiteroles_0d0e42,,Ingrédient déclencheur présent mais allergène non déclaré: {'egg'},,oeuf,,,,
allergen_not_declared,error,dessert_crepes_bretonnes_7b9835,,Ingrédient déclencheur présent mais allergène non déclaré: {'milk'},,lactose,,,,
allergen_not_declared,error,dessert_crepes_bretonnes_7b9835,,Ingrédient déclencheur présent mais allergène non déclaré: {'egg'},,oeuf,,,,
allergen_not_declared,error,dessert_galette_des_rois_briochee_6f0909,,"Ingrédient déclencheur présent mais allergène non déclaré: {'butter', 'milk'}",,lactose,,,,
allergen_not_declared,error,dessert_galette_des_rois_briochee_6f0909,,Ingrédient déclencheur présent mais allergène non déclaré: {'egg'},,oeuf,,,,
allergen_not_declared,error,tarte_quiche_lorraine_7033e4,,"Ingrédient déclencheur présent mais allergène non déclaré: {'cream', 'cheese'}",,lactose,,,,
allergen_not_declared,error,tarte_quiche_lorraine_7033e4,,Ingrédient déclencheur présent mais allergène non déclaré: {'egg'},,oeuf,,,,
allergen_not_declared,error,couscous_couscous_tfaya_vegan_65aba6,,Ingrédient déclencheur présent mais allergène non déclaré: {'butter'},,lactose,,,,
allergen_not_declared,error,wrap_quesadillas_au_fromage_ve_9794c7,,Ingrédient déclencheur présent mais allergène non déclaré: {'cheese'},,lactose,,,,
allergen_not_declared,error,wrap_quesadillas_vegan_f68baa,,Ingrédient déclencheur présent mais allergène non déclaré: {'cheese'},,lactose,,,,
allergen_not_declared,error,snack_rosti_vegan_be15a2,,Ingrédient déclencheur présent mais allergène non déclaré: {'butter'},,lactose,,,,
allergen_not_declared,error,snack_slovak_potato_dumplings_v_1a9fc1,,Ingrédient déclencheur présent mais allergène non déclaré: {'butter'},,lactose,,,,
allergen_not_declared,error,snack_slovak_potato_dumplings_v_1a9fc1,,Ingrédient déclencheur présent mais allergène non déclaré: {'egg'},,oeuf,,,,
allergen_not_declared,error,salad_gadogado_indonesien_vegan_e4cd75,,Ingrédient déclencheur présent mais allergène non déclaré: {'egg'},,oeuf,,,,
allergen_not_declared,error,rice_riz_saute_au_kimchi_vegan_af038b,,Ingrédient déclencheur présent mais allergène non déclaré: {'egg'},,oeuf,,,,
allergen_not_declared,error,rice_kimchi_bokkeumbap_vegan_b1fa03,,Ingrédient déclencheur présent mais allergène non déclaré: {'egg'},,oeuf,,,,
allergen_not_declared,error,rice_nasi_goreng_vegan_bcc9cb,,Ingrédient déclencheur présent mais allergène non déclaré: {'egg'},,oeuf,,,,
allergen_not_declared,error,tarte_quiche_lorraine_vegan_e7ee2a,,"Ingrédient déclencheur présent mais allergène non déclaré: {'cream', 'cheese'}",,lactose,,,,
allergen_not_declared,error,tarte_quiche_lorraine_vegan_e7ee2a,,Ingrédient déclencheur présent mais allergène non déclaré: {'egg'},,oeuf,,,,
allergen_not_declared,error,brkf_shakshouka_epicee_vegan_2fa642,,Ingrédient déclencheur présent mais allergène non déclaré: {'egg'},,oeuf,,,,
allergen_not_declared,error,brkf_shakshouka_douce_vegan_93f65a,,Ingrédient déclencheur présent mais allergène non déclaré: {'egg'},,oeuf,,,,
allergen_not_declared,error,bread_spanakopita_vegan_4cc141,,"Ingrédient déclencheur présent mais allergène non déclaré: {'feta', 'butter'}",,lactose,,,,
allergen_not_declared,error,bread_spanakopita_vegan_4cc141,,Ingrédient déclencheur présent mais allergène non déclaré: {'egg'},,oeuf,,,,
allergen_not_declared,error,bread_spanakopita_a_la_muscade_6a9e84,,"Ingrédient déclencheur présent mais allergène non déclaré: {'feta', 'butter'}",,lactose,,,,
allergen_not_declared,error,bread_spanakopita_a_la_muscade_6a9e84,,Ingrédient déclencheur présent mais allergène non déclaré: {'egg'},,oeuf,,,,
allergen_not_declared,error,salad_bulgarian_shopska_salad_v_adc716,,Ingrédient déclencheur présent mais allergène non déclaré: {'feta'},,lactose,,,,
allergen_not_declared,error,soup_hot_and_sour_soup_vegan_4a5587,,Ingrédient déclencheur présent mais allergène non déclaré: {'egg'},,oeuf,,,,
allergen_not_declared,error,salad_nicoise_vegan_40566b,,Ingrédient déclencheur présent mais allergène non déclaré: {'egg'},,oeuf,,,,
allergen_not_declared,error,salad_grecque_classique_vegan_a9f9a4,,Ingrédient déclencheur présent mais allergène non déclaré: {'feta'},,lactose,,,,
allergen_not_declared,error,salad_grecque_simplifiee_vegan_ec9ed5,,Ingrédient déclencheur présent mais allergène non déclaré: {'feta'},,lactose,,,,
allergen_not_declared,error,soup_lentilles_turque_vegan_c2febf,,Ingrédient déclencheur présent mais allergène non déclaré: {'butter'},,lactose,,,,
allergen_not_declared,error,soup_a_l_oignon_gratinee_vegan_826f59,,Ingrédient déclencheur présent mais allergène non déclaré: {'butter'},,lactose,,,,
allergen_not_declared,error,soup_a_l_oignon_au_thym_vegan_bf7d2f,,Ingrédient déclencheur présent mais allergène non déclaré: {'butter'},,lactose,,,,
allergen_not_declared,error,soup_sundubu_tofu_stew_vegan_90e5c8,,Ingrédient déclencheur présent mais allergène non déclaré: {'gochujang'},,gluten,,,,
allergen_not_declared,error,soup_sundubu_tofu_stew_vegan_90e5c8,,Ingrédient déclencheur présent mais allergène non déclaré: {'gochujang'},,soja,,,,
allergen_not_declared,error,soup_sundubu_tofu_stew_vegan_90e5c8,,Ingrédient déclencheur présent mais allergène non déclaré: {'egg'},,oeuf,,,,
allergen_not_declared,error,soup_turkish_mercimek_soup_veg_f30ebc,,Ingrédient déclencheur présent mais allergène non déclaré: {'butter'},,lactose,,,,
allergen_not_declared,error,main_arepas_fromage_vegan_3a4125,,Ingrédient déclencheur présent mais allergène non déclaré: {'cheese'},,lactose,,,,
allergen_not_declared,error,main_arepas_vegan_01b62b,,Ingrédient déclencheur présent mais allergène non déclaré: {'cheese'},,lactose,,,,
allergen_not_declared,error,egg_acorda_a_lail_et_coriandr_0178a4,,Ingrédient déclencheur présent mais allergène non déclaré: {'egg'},,oeuf,,,,
allergen_not_declared,error,snack_bannock_vegan_46a1a8,,Ingrédient déclencheur présent mais allergène non déclaré: {'butter'},,lactose,,,,
allergen_not_declared,error,snack_baursak_vegan_ad7a40,,Ingrédient déclencheur présent mais allergène non déclaré: {'milk'},,lactose,,,,
allergen_not_declared,error,snack_baursak_vegan_ad7a40,,Ingrédient déclencheur présent mais allergène non déclaré: {'egg'},,oeuf,,,,
allergen_not_declared,error,dessert_crumble_aux_myrtilles_veg_15390f,,Ingrédient déclencheur présent mais allergène non déclaré: {'butter'},,lactose,,,,
allergen_not_declared,error,snack_galettes_de_pommes_de_ter_cf5510,,Ingrédient déclencheur présent mais allergène non déclaré: {'egg'},,oeuf,,,,
allergen_not_declared,error,egg_brazilian_feijo_tropeiro_6063d8,,Ingrédient déclencheur présent mais allergène non déclaré: {'egg'},,oeuf,,,,
allergen_not_declared,error,egg_chilaquiles_vegan_2d13e7,,Ingrédient déclencheur présent mais allergène non déclaré: {'cheese'},,lactose,,,,
allergen_not_declared,error,egg_chilaquiles_vegan_2d13e7,,Ingrédient déclencheur présent mais allergène non déclaré: {'egg'},,oeuf,,,,
allergen_not_declared,error,snack_empanadas_au_fromage_vega_79575a,,Ingrédient déclencheur présent mais allergène non déclaré: {'cheese'},,lactose,,,,
allergen_not_declared,error,snack_empanadas_au_fromage_vega_79575a,,Ingrédient déclencheur présent mais allergène non déclaré: {'egg'},,oeuf,,,,
allergen_not_declared,error,snack_empanadas_vegan_9a33d8,,Ingrédient déclencheur présent mais allergène non déclaré: {'cheese'},,lactose,,,,
allergen_not_declared,error,snack_empanadas_vegan_9a33d8,,Ingrédient déclencheur présent mais allergène non déclaré: {'egg'},,oeuf,,,,
allergen_not_declared,error,wrap_enchiladas_vegan_f70bca,,Ingrédient déclencheur présent mais allergène non déclaré: {'cheese'},,lactose,,,,
allergen_not_declared,error,side_farofa_bresilienne_vegan_45d889,,Ingrédient déclencheur présent mais allergène non déclaré: {'butter'},,lactose,,,,
allergen_not_declared,error,side_feijo_tropeiro_vegan_ccc81d,,Ingrédient déclencheur présent mais allergène non déclaré: {'egg'},,oeuf,,,,
allergen_not_declared,error,snack_karelian_pies_vegan_ebdd1c,,Ingrédient déclencheur présent mais allergène non déclaré: {'milk'},,lactose,,,,
allergen_not_declared,error,snack_karelian_pies_vegan_ebdd1c,,Ingrédient déclencheur présent mais allergène non déclaré: {'egg'},,oeuf,,,,
allergen_not_declared,error,rice_fried_rice_chinois_vegan_c2b92d,,Ingrédient déclencheur présent mais allergène non déclaré: {'egg'},,oeuf,,,,
allergen_not_declared,error,side_dauphinois_vegan_b0e25e,,"Ingrédient déclencheur présent mais allergène non déclaré: {'cream', 'milk'}",,lactose,,,,
allergen_not_declared,error,main_greek_briam_vegan_3fb054,,Ingrédient déclencheur présent mais allergène non déclaré: {'feta'},,lactose,,,,
allergen_not_declared,error,snack_gozleme_aux_epinards_vega_6ff07b,,Ingrédient déclencheur présent mais allergène non déclaré: {'cheese'},,lactose,,,,
allergen_not_declared,error,snack_humita_andine_vegan_1f09bf,,"Ingrédient déclencheur présent mais allergène non déclaré: {'milk', 'cheese'}",,lactose,,,,
allergen_not_declared,error,side_jeera_rice_vegan_694fd1,,Ingrédient déclencheur présent mais allergène non déclaré: {'butter'},,lactose,,,,
allergen_not_declared,error,dal_kadhi_pakora_vegan_5cb5d4,,Ingrédient déclencheur présent mais allergène non déclaré: {'yogurt'},,lactose,,,,
allergen_not_declared,error,entry_kashke_bademjan_vegan_96f6c5,,Ingrédient déclencheur présent mais allergène non déclaré: {'butter'},,lactose,,,,
allergen_not_declared,error,snack_khachapuri_vegan_3232a7,,"Ingrédient déclencheur présent mais allergène non déclaré: {'butter', 'cheese', 'yogurt'}",,lactose,,,,
allergen_not_declared,error,snack_khachapuri_vegan_3232a7,,Ingrédient déclencheur présent mais allergène non déclaré: {'egg'},,oeuf,,,,
allergen_not_declared,error,snack_kimbap_vegan_c40dc4,,Ingrédient déclencheur présent mais allergène non déclaré: {'egg'},,oeuf,,,,
allergen_not_declared,error,main_spatzle_au_fromage_vegan_27480f,,"Ingrédient déclencheur présent mais allergène non déclaré: {'butter', 'cheese'}",,lactose,,,,
allergen_not_declared,error,dal_lentil_shepherds_pie_vega_27455d,,"Ingrédient déclencheur présent mais allergène non déclaré: {'butter', 'milk'}",,lactose,,,,
allergen_not_declared,error,dal_lentil_shepherd_pie_vegan_926ebd,,"Ingrédient déclencheur présent mais allergène non déclaré: {'butter', 'milk'}",,lactose,,,,
allergen_not_declared,error,pasta_mac_and_cheese_vegan_4acb30,,"Ingrédient déclencheur présent mais allergène non déclaré: {'butter', 'milk'}",,lactose,,,,
allergen_not_declared,error,side_carottes_glacees_a_lerabl_1d1c44,,Ingrédient déclencheur présent mais allergène non déclaré: {'butter'},,lactose,,,,
allergen_not_declared,error,brkf_menemen_vegan_914008,,Ingrédient déclencheur présent mais allergène non déclaré: {'egg'},,oeuf,,,,
allergen_not_declared,error,main_mexican_enfrijoladas_vega_d6a9a8,,Ingrédient déclencheur présent mais allergène non déclaré: {'cheese'},,lactose,,,,
allergen_not_declared,error,entry_mirza_ghasemi_vegan_9f904d,,Ingrédient déclencheur présent mais allergène non déclaré: {'egg'},,oeuf,,,,
allergen_not_declared,error,brkf_ojja_vegan_dbbad8,,Ingrédient déclencheur présent mais allergène non déclaré: {'egg'},,oeuf,,,,
allergen_not_declared,error,egg_okonomiyaki_vegan_3cec18,,Ingrédient déclencheur présent mais allergène non déclaré: {'egg'},,oeuf,,,,
allergen_not_declared,error,snack_crepe_coreenne_aux_oignon_a45536,,Ingrédient déclencheur présent mais allergène non déclaré: {'egg'},,oeuf,,,,
allergen_not_declared,error,sauce_pommes_de_terre_sauce_hua_e770f0,,Ingrédient déclencheur présent mais allergène non déclaré: {'milk'},,lactose,,,,
allergen_not_declared,error,pasta_pasta_alla_norma_vegan_6e1a92,,Ingrédient déclencheur présent mais allergène non déclaré: {'ricotta'},,lactose,,,,
allergen_not_declared,error,main_pav_bhaji_vegan_c1437e,,Ingrédient déclencheur présent mais allergène non déclaré: {'butter'},,lactose,,,,
allergen_not_declared,error,snack_pita_aux_epinards_vegan_9f230e,,"Ingrédient déclencheur présent mais allergène non déclaré: {'feta', 'butter'}",,lactose,,,,
allergen_not_declared,error,snack_pita_aux_epinards_vegan_9f230e,,Ingrédient déclencheur présent mais allergène non déclaré: {'egg'},,oeuf,,,,
allergen_not_declared,error,main_pupusas_aux_haricots_vega_0e0c06,,Ingrédient déclencheur présent mais allergène non déclaré: {'cheese'},,lactose,,,,
allergen_not_declared,error,main_pupusas_vegan_4595d8,,Ingrédient déclencheur présent mais allergène non déclaré: {'cheese'},,lactose,,,,
allergen_not_declared,error,snack_pain_au_fromage_bresilien_6efec4,,"Ingrédient déclencheur présent mais allergène non déclaré: {'milk', 'cheese'}",,lactose,,,,
allergen_not_declared,error,snack_pain_au_fromage_bresilien_6efec4,,Ingrédient déclencheur présent mais allergène non déclaré: {'egg'},,oeuf,,,,
allergen_not_declared,error,snack_galettes_de_pommes_de_ter_94d166,,Ingrédient déclencheur présent mais allergène non déclaré: {'milk'},,lactose,,,,
allergen_not_declared,error,snack_galettes_de_pommes_de_ter_94d166,,Ingrédient déclencheur présent mais allergène non déclaré: {'egg'},,oeuf,,,,
allergen_not_declared,error,side_riz_frit_vegan_d17d25,,Ingrédient déclencheur présent mais allergène non déclaré: {'egg'},,oeuf,,,,
allergen_not_declared,error,side_riz_pilaf_turc_vegan_3bb995,,Ingrédient déclencheur présent mais allergène non déclaré: {'butter'},,lactose,,,,
allergen_not_declared,error,egg_sabich_vegan_c9653c,,Ingrédient déclencheur présent mais allergène non déclaré: {'egg'},,oeuf,,,,
allergen_not_declared,error,side_sabzi_polo_vegan_7bf9df,,Ingrédient déclencheur présent mais allergène non déclaré: {'butter'},,lactose,,,,
allergen_not_declared,error,snack_galettes_aux_oignons_vert_3b5d19,,Ingrédient déclencheur présent mais allergène non déclaré: {'egg'},,oeuf,,,,
allergen_not_declared,error,snack_quenelles_de_pain_vegan_d59a98,,"Ingrédient déclencheur présent mais allergène non déclaré: {'butter', 'milk'}",,lactose,,,,
allergen_not_declared,error,snack_quenelles_de_pain_vegan_d59a98,,Ingrédient déclencheur présent mais allergène non déclaré: {'egg'},,oeuf,,,,
allergen_not_declared,error,brkf_shakshuka_vegan_81fa9a,,Ingrédient déclencheur présent mais allergène non déclaré: {'feta'},,lactose,,,,
allergen_not_declared,error,brkf_shakshuka_vegan_81fa9a,,Ingrédient déclencheur présent mais allergène non déclaré: {'egg'},,oeuf,,,,
allergen_not_declared,error,salad_andine_au_fromage_vegan_566f05,,Ingrédient déclencheur présent mais allergène non déclaré: {'cheese'},,lactose,,,,
allergen_not_declared,error,egg_sopa_paraguaya_vegan_9e0295,,"Ingrédient déclencheur présent mais allergène non déclaré: {'milk', 'cheese'}",,lactose,,,,
allergen_not_declared,error,egg_sopa_paraguaya_vegan_9e0295,,Ingrédient déclencheur présent mais allergène non déclaré: {'egg'},,oeuf,,,,
allergen_not_declared,error,soup_sundubu_jjigae_vegan_97ab2e,,Ingrédient déclencheur présent mais allergène non déclaré: {'gochujang'},,gluten,,,,
allergen_not_declared,error,soup_sundubu_jjigae_vegan_97ab2e,,Ingrédient déclencheur présent mais allergène non déclaré: {'gochujang'},,soja,,,,
allergen_not_declared,error,soup_sundubu_jjigae_vegan_97ab2e,,Ingrédient déclencheur présent mais allergène non déclaré: {'egg'},,oeuf,,,,
allergen_not_declared,error,snack_tamales_vegan_d7cbdc,,Ingrédient déclencheur présent mais allergène non déclaré: {'cheese'},,lactose,,,,
allergen_not_declared,error,wrap_tortilla_espaola_vegan_1cca14,,Ingrédient déclencheur présent mais allergène non déclaré: {'egg'},,oeuf,,,,
allergen_not_declared,error,wrap_tortilla_espagnole_vegan_09690a,,Ingrédient déclencheur présent mais allergène non déclaré: {'egg'},,oeuf,,,,
allergen_not_declared,error,snack_tostadas_vegan_f7257b,,Ingrédient déclencheur présent mais allergène non déclaré: {'creme_fraiche'},,lactose,,,,
allergen_not_declared,error,snack_vareniki_vegan_407c36,,Ingrédient déclencheur présent mais allergène non déclaré: {'butter'},,lactose,,,,
allergen_not_declared,error,snack_vareniki_vegan_407c36,,Ingrédient déclencheur présent mais allergène non déclaré: {'egg'},,oeuf,,,,
allergen_not_declared,error,snack_varenyky_pomme_de_terre_v_8b6240,,Ingrédient déclencheur présent mais allergène non déclaré: {'butter'},,lactose,,,,
allergen_not_declared,error,dal_boulettes_suedoises_vegan_fea9f6,,Ingrédient déclencheur présent mais allergène non déclaré: {'egg'},,oeuf,,,,
allergen_not_declared,error,salad_shopska_vegan_001f9e,,Ingrédient déclencheur présent mais allergène non déclaré: {'feta'},,lactose,,,,
allergen_not_declared,error,dessert_clafoutis_aux_cerises_f81391,,Ingrédient déclencheur présent mais allergène non déclaré: {'egg'},,oeuf,,,,
allergen_not_declared,error,dessert_far_breton_aux_pruneaux_069b81,,Ingrédient déclencheur présent mais allergène non déclaré: {'egg'},,oeuf,,,,
allergen_not_declared,error,dessert_flan_patissier_aa63b2,,Ingrédient déclencheur présent mais allergène non déclaré: {'egg'},,oeuf,,,,
allergen_not_declared,error,dessert_madeleines_4572e8,,Ingrédient déclencheur présent mais allergène non déclaré: {'egg'},,oeuf,,,,
allergen_not_declared,error,dessert_cannele_bordelais_c55eca,,Ingrédient déclencheur présent mais allergène non déclaré: {'egg'},,oeuf,,,,
allergen_not_declared,error,dessert_fondant_au_chocolat_a4c8aa,,Ingrédient déclencheur présent mais allergène non déclaré: {'egg'},,oeuf,,,,
allergen_not_declared,error,dessert_cheesecake_fruits_rouges_3460f6,,Ingrédient déclencheur présent mais allergène non déclaré: {'egg'},,oeuf,,,,
allergen_not_declared,error,dessert_tiramisu_classique_ea8ddb,,Ingrédient déclencheur présent mais allergène non déclaré: {'egg'},,oeuf,,,,
allergen_not_declared,error,dessert_gateau_au_yaourt_citron_f27832,,Ingrédient déclencheur présent mais allergène non déclaré: {'egg'},,oeuf,,,,
allergen_not_declared,error,dessert_ile_flottante_4623ef,,Ingrédient déclencheur présent mais allergène non déclaré: {'egg'},,oeuf,,,,
allergen_not_declared,error,dessert_tarte_citron_meringuee_7f6440,,Ingrédient déclencheur présent mais allergène non déclaré: {'egg'},,oeuf,,,,
allergen_not_declared,error,brkf_crepes_sucrees_e5d14e,,Ingrédient déclencheur présent mais allergène non déclaré: {'egg'},,oeuf,,,,
allergen_not_declared,error,brkf_pain_perdu_653f48,,Ingrédient déclencheur présent mais allergène non déclaré: {'egg'},,oeuf,,,,
allergen_not_declared,error,brkf_gaufres_belges_077910,,Ingrédient déclencheur présent mais allergène non déclaré: {'egg'},,oeuf,,,,
allergen_not_declared,error,brkf_tofu_brouille_aux_herbes_eb117c,,Ingrédient déclencheur présent mais allergène non déclaré: {'tofu'},,soja,,,,
allergen_not_declared,error,brkf_pancakes_ricotta_citron_847c9a,,Ingrédient déclencheur présent mais allergène non déclaré: {'egg'},,oeuf,,,,
allergen_not_declared,error,brkf_omelette_aux_herbes_du_ja_f21317,,Ingrédient déclencheur présent mais allergène non déclaré: {'egg'},,oeuf,,,,
allergen_not_declared,error,brkf_shakshuka_verte_ad7779,,Ingrédient déclencheur présent mais allergène non déclaré: {'egg'},,oeuf,,,,
allergen_not_declared,error,entry_gougeres_au_fromage_ebce95,,Ingrédient déclencheur présent mais allergène non déclaré: {'egg'},,oeuf,,,,
allergen_not_declared,error,entry_souffle_au_fromage_64984b,,Ingrédient déclencheur présent mais allergène non déclaré: {'egg'},,oeuf,,,,
allergen_not_declared,error,side_pommes_dauphine_73a2c7,,Ingrédient déclencheur présent mais allergène non déclaré: {'egg'},,oeuf,,,,
unit_solid_in_ml,info,dip_baba_ghanoush_dbd030,lemon,,,,30,ml,,
unit_solid_in_ml,info,rice_bibimbap_classic_k91x2a,gochujang,,,,45,ml,,
unit_solid_in_ml,info,soup_borscht_classic_k39x2c,vegetable_broth,,,,1000,ml,,
unit_solid_in_ml,info,curry_chickpea_k5x2p9,sunflower_oil,,,,25,ml,,
unit_solid_in_ml,info,curry_split_pea_k2f9x1,sunflower_oil,,,,35,ml,,
unit_solid_in_ml,info,curry_baingan_bharta_d54d1c,sunflower_oil,,,,30,ml,,
unit_solid_in_ml,info,curry_japanese_classic_v3_m8q2z4,vegetable_broth,,,,850,ml,,
unit_solid_in_ml,info,curry_dry_aloo_gobi_9a6763,sunflower_oil,,,,45,ml,,
unit_solid_in_ml,info,curry_green_thai_classic_v3_m9x2k7,lime,,,,30,ml,,
unit_solid_in_ml,info,dal_lentil_corail_classic_k1d1p1,sunflower_oil,,,,25,ml,,
unit_solid_in_ml,info,falafel_falafel_optimise_2f1451,sunflower_oil,,,,500,ml,,
qty_abnormally_high,error,salad_fattoush_classic_x82m5c,bread,,,,3000,g,,
unit_solid_in_ml,info,wok_pad_krapow_vegetarien_565aa9,peanut_oil,,,,25,ml,,
unit_solid_in_ml,info,wok_pad_krapow_tofu_v3_k9x2m7,peanut_oil,,,,25,ml,,
unit_solid_in_ml,info,noodle_pad_see_ew_41b095,peanut_oil,,,,30,ml,,
unit_solid_in_ml,info,noodle_pad_see_ew_classic_v3_n8x4p2,peanut_oil,,,,30,ml,,
unit_solid_in_ml,info,wok_thai_veg_eb92db,peanut_oil,,,,25,ml,,
unit_solid_in_ml,info,noodle_pad_thai_veg_v4_p7x2k9,peanut_oil,,,,25,ml,,
unit_solid_in_ml,info,curry_palak_paneer_b4ca11,ghee,,,,30,ml,,
unit_solid_in_ml,info,curry_paneer_butter_masala_9e638c,canola_oil,,,,20,ml,,
qty_abnormally_high,error,pasta_plain_k2d1p1,water,,,,4000,ml,,
qty_salt_excessive,error,pasta_plain_k2d1p1,salt,,,,40,g,,
unit_solid_in_ml,info,rice_risotto_aux_champignon_25ed38,vegetable_broth,,,,800,ml,,
unit_solid_in_ml,info,rice_fried_classic_v2_k4m8t1,sunflower_oil,,,,18,ml,,
unit_solid_in_ml,info,salad_mixed_structured_v2_p9x4m2,red_wine_vinegar,,,,10,ml,,
unit_solid_in_ml,info,salad_lentil_classic_v3_r7p2k8,canola_oil,,,,20,ml,,
unit_solid_in_ml,info,salad_lentil_classic_v3_r7p2k8,red_wine_vinegar,,,,15,ml,,
unit_solid_in_ml,info,soup_onion_french_classic_v3_t9k2m4,vegetable_broth,,,,800,ml,,
unit_solid_in_ml,info,dip_tzatziki_ab9683,lemon,,,,15,ml,,
unit_solid_in_ml,info,main_aloo_gobi_b21c85,sunflower_oil,,,,45,ml,,
unit_solid_in_ml,info,rice_bibimbap_tofu_a265dc,gochujang,,,,30,ml,,
unit_solid_in_ml,info,soup_borscht_fd9212,sunflower_oil,,,,30,ml,,
unit_solid_in_ml,info,curry_daubergine_indien_779e72,sunflower_oil,,,,45,ml,,
unit_solid_in_ml,info,dal_curry_pois_chiches_epinards_a7ee14,sunflower_oil,,,,45,ml,,
unit_solid_in_ml,info,bread_katsu_bf3f1e,sunflower_oil,,,,45,ml,,
unit_solid_in_ml,info,pasta_lasagnes_8adf61,bechamel,,,,400,ml,,
unit_solid_in_ml,info,rice_pad_krapow_63acfb,sunflower_oil,,,,45,ml,,
unit_solid_in_ml,info,dal_sri_lankan_dhal_curry_fae1be,sunflower_oil,,,,45,ml,,
unit_solid_in_ml,info,curry_sri_lankan_jackfruit_1cff43,sunflower_oil,,,,45,ml,,
unit_solid_in_ml,info,curry_sri_lankan_pumpkin_7f1edb,sunflower_oil,,,,45,ml,,
unit_solid_in_ml,info,rice_vegetable_sushi_9aad8a,rice_vinegar,,,,30,ml,,
unit_solid_in_ml,info,protein_gadogado_c0f543,peanut_butter,,,,60,ml,,
unit_solid_in_ml,info,protein_gadogado_indonesien_200c65,peanut_butter,,,,60,ml,,
unit_solid_in_ml,info,dal_armenian_lentil_soup_0f1067,sunflower_oil,,,,45,ml,,
unit_solid_in_ml,info,stew_georgian_vegetable_stew_1cb019,sunflower_oil,,,,45,ml,,
unit_solid_in_ml,info,soup_aigrepiquante_4766fe,rice_vinegar,,,,30,ml,,
unit_solid_in_ml,info,stew_persian_herb_stew_485f3e,sunflower_oil,,,,45,ml,,
unit_solid_in_ml,info,stew_sundubu_tofu_stew_ebe50e,gochujang,,,,30,ml,,
unit_solid_in_ml,info,stew_sundubu_tofu_stew_ebe50e,vegetarian_dashi,,,,750,ml,,
unit_solid_in_ml,info,main_afghan_bolani_e66cba,sunflower_oil,,,,45,ml,,
unit_solid_in_ml,info,dal_afghan_sabzi_chalaw_18f6a5,sunflower_oil,,,,45,ml,,
unit_solid_in_ml,info,soup_tofu_frit_au_bouillon_1bad0a,vegetarian_dashi,,,,750,ml,,
unit_solid_in_ml,info,soup_tofu_frit_au_bouillon_1bad0a,huile_friture,,,,500,ml,,
unit_solid_in_ml,info,dal_ash_reshteh_30aac5,kashk,,,,60,ml,,
unit_solid_in_ml,info,main_aubergines_sichuan_ff9921,rice_vinegar,,,,30,ml,,
unit_solid_in_ml,info,main_beignets_de_legumes_indon_e74ee9,huile_friture,,,,500,ml,,
unit_solid_in_ml,info,pasta_bibim_guksu_9c8f25,gochujang,,,,30,ml,,
unit_solid_in_ml,info,pasta_bibim_guksu_9c8f25,rice_vinegar,,,,30,ml,,
unit_solid_in_ml,info,rice_bigos_497b21,sunflower_oil,,,,45,ml,,
unit_solid_in_ml,info,rice_rouleaux_de_printemps_frits_e4d172,huile_friture,,,,500,ml,,
unit_solid_in_ml,info,bread_gong_bao_tofu_3f7cc1,rice_vinegar,,,,30,ml,,
unit_solid_in_ml,info,soup_hot_pot_e7fc15,mala_broth,,,,1000,ml,,
unit_solid_in_ml,info,main_japanese_vegetable_tempur_f57314,sparkling_water,,,,200,ml,,
unit_solid_in_ml,info,soup_courge_mijotee_japonaise_3852ae,vegetarian_dashi,,,,700,ml,,
unit_solid_in_ml,info,soup_courge_mijotee_japonaise_3852ae,mirin,,,,30,ml,,
unit_solid_in_ml,info,main_kashke_bademjan_10dd33,kashk,,,,60,ml,,
unit_solid_in_ml,info,main_kashke_bademjan_10dd33,sunflower_oil,,,,45,ml,,
unit_solid_in_ml,info,rice_kimbap_4cb3da,rice_vinegar,,,,30,ml,,
unit_solid_in_ml,info,main_lobio_5cdec6,sunflower_oil,,,,45,ml,,
unit_solid_in_ml,info,protein_moqueca_a65174,palm_oil,,,,30,ml,,
unit_solid_in_ml,info,main_moussaka_fcf86b,bechamel,,,,400,ml,,
unit_solid_in_ml,info,main_nepali_tarkari_9199c8,sunflower_oil,,,,45,ml,,
unit_solid_in_ml,info,main_nepali_tomato_achar_9575d1,sunflower_oil,,,,45,ml,,
unit_solid_in_ml,info,pasta_nouilles_satay_864b31,peanut_butter,,,,60,ml,,
unit_solid_in_ml,info,rice_onigiri_nature_cd56ab,rice_vinegar,,,,30,ml,,
unit_solid_in_ml,info,pasta_persian_ash_reshteh_8cb79c,kashk,,,,60,ml,,
unit_solid_in_ml,info,rice_poke_bowl_ee65ef,rice_vinegar,,,,30,ml,,
unit_solid_in_ml,info,main_rasam_34dc5a,tamarind,,,,30,ml,,
unit_solid_in_ml,info,main_romanian_zacusc_a929ee,sunflower_oil,,,,45,ml,,
unit_solid_in_ml,info,dal_sabzi_sabz_592004,sunflower_oil,,,,45,ml,,
unit_solid_in_ml,info,dal_sambar_581de8,tamarind,,,,30,ml,,
unit_solid_in_ml,info,dal_sambar_indien_fcf6d8,tamarind,,,,30,ml,,
unit_solid_in_ml,info,rice_serbian_uve_4a83e2,sunflower_oil,,,,45,ml,,
unit_solid_in_ml,info,egg_sundubu_jjigae_bc21e0,gochujang,,,,30,ml,,
unit_solid_in_ml,info,egg_sundubu_jjigae_bc21e0,vegetarian_dashi,,,,750,ml,,
unit_solid_in_ml,info,rice_salade_de_concombre_japonaise_d66133,rice_vinegar,,,,30,ml,,
unit_solid_in_ml,info,rice_tamarind_rice_2e5463,tamarind,,,,30,ml,,
unit_solid_in_ml,info,sauce_tofu_croustillant_sauce_a_b8be56,rice_vinegar,,,,30,ml,,
unit_solid_in_ml,info,bread_tostadas_06442e,creme_fraiche,,,,100,ml,,
unit_solid_in_ml,info,rice_tteokbokki_0861f2,gochujang,,,,30,ml,,
unit_solid_in_ml,info,main_varenyky_pomme_de_terre_0bb7cf,sunflower_oil,,,,45,ml,,
unit_solid_in_ml,info,soup_vichyssoise_d28d4b,heavy_cream,,,,150,ml,,
unit_solid_in_ml,info,soup_veloute_de_potimarron_776ea1,heavy_cream,,,,100,ml,,
unit_solid_in_ml,info,soup_veloute_d_asperges_7da98f,heavy_cream,,,,120,ml,,
unit_solid_in_ml,info,soup_potage_saint_germain_e23f6b,heavy_cream,,,,80,ml,,
unit_solid_in_ml,info,soup_bisque_de_champignons_63fa25,heavy_cream,,,,150,ml,,
unit_solid_in_ml,info,soup_veloute_de_celeri_rave_b33921,heavy_cream,,,,100,ml,,
unit_solid_in_ml,info,soup_soupe_de_chataignes_6b8e6f,heavy_cream,,,,80,ml,,
unit_solid_in_ml,info,soup_soupe_de_topinambours_175dc4,heavy_cream,,,,100,ml,,
unit_solid_in_ml,info,main_flamiche_aux_poireaux_fa3d0b,heavy_cream,,,,200,ml,,
unit_solid_in_ml,info,main_tarte_a_la_tomate_a1d175,dijon_mustard,,,,9.1,ml,,
unit_solid_in_ml,info,main_tarte_oignon_alsacienne_c49dd2,creme_fraiche,,,,200,ml,,
unit_solid_in_ml,info,main_tarte_roquefort_et_noix_b24bec,creme_fraiche,,,,150,ml,,
unit_solid_in_ml,info,main_gratin_de_potiron_839446,creme_fraiche,,,,100,ml,,
unit_solid_in_ml,info,main_tourte_aux_champignons_85adfb,heavy_cream,,,,100,ml,,
unit_solid_in_ml,info,main_gratin_de_navets_e164d6,creme_fraiche,,,,200,ml,,
unit_solid_in_ml,info,main_aligot_c03237,heavy_cream,,,,100,ml,,
unit_solid_in_ml,info,main_daube_de_legumes_4a045f,red_wine,,,,300,ml,,
unit_solid_in_ml,info,main_girolles_a_la_creme_7d432d,heavy_cream,,,,150,ml,,
unit_solid_in_ml,info,main_girolles_a_la_creme_7d432d,white_wine,,,,80,ml,,
unit_solid_in_ml,info,main_choucroute_vegetarienne_25c7a3,white_wine,,,,200,ml,,
unit_solid_in_ml,info,main_legumes_braises_7030b7,white_wine,,,,100,ml,,
unit_solid_in_ml,info,entry_celeri_remoulade_d5d1b9,dijon_mustard,,,,9.1,ml,,
unit_solid_in_ml,info,entry_œufs_en_meurette_b8fce3,red_wine,,,,500,ml,,
unit_solid_in_ml,info,entry_feuilletes_champignons_260af3,heavy_cream,,,,60,ml,,
unit_solid_in_ml,info,dessert_clafoutis_cerises_0731cf,heavy_cream,,,,100,ml,,
qty_sugar_excessive,warning,dessert_caneles_bordelais_ea24bb,sugar,,,,250,g,,
unit_solid_in_ml,info,dessert_caneles_bordelais_ea24bb,rum,,,,50,ml,,
unit_solid_in_ml,info,dessert_tarte_pommes_normande_f10299,heavy_cream,,,,200,ml,,
unit_solid_in_ml,info,dessert_charlotte_aux_fraises_e3f32c,heavy_cream,,,,200,ml,,
unit_solid_in_ml,info,dessert_profiteroles_0d0e42,heavy_cream,,,,300,ml,,
unit_solid_in_ml,info,rice_bibimbap_tofu_vegan_96d998,gochujang,,,,30.0,ml,,
unit_solid_in_ml,info,rice_bibimbap_tofu_vegan_96d998,sesame_seeds,,,,15.0,ml,,
unit_solid_in_ml,info,falafel_bowl_de_falafel_vegan_f4fd40,lemon,,,,30,ml,,
unit_solid_in_ml,info,protein_pad_thai_vegan_33c0f3,lime,,,,50,ml,,
unit_solid_in_ml,info,protein_paneer_tikka_vegan_8bf0a0,lemon,,,,30,ml,,
unit_solid_in_ml,info,salad_gadogado_indonesien_vegan_e4cd75,lime,,,,50,ml,,
unit_solid_in_ml,info,salad_grecque_classique_vegan_a9f9a4,lemon,,,,30,ml,,
unit_solid_in_ml,info,salad_grecque_simplifiee_vegan_ec9ed5,lemon,,,,30,ml,,
unit_solid_in_ml,info,soup_sundubu_tofu_stew_vegan_90e5c8,gochujang,,,,30.0,ml,,
unit_solid_in_ml,info,soup_sundubu_tofu_stew_vegan_90e5c8,vegetarian_dashi,,,,750,ml,,
unit_solid_in_ml,info,soup_turkish_mercimek_soup_veg_f30ebc,lemon,,,,30,ml,,
unit_solid_in_ml,info,snack_kimbap_vegan_c40dc4,rice_vinegar,,,,29.7,ml,,
unit_solid_in_ml,info,snack_galettes_aux_oignons_vert_3b5d19,sesame_seeds,,,,30.0,ml,,
unit_solid_in_ml,info,soup_sundubu_jjigae_vegan_97ab2e,gochujang,,,,30.0,ml,,
unit_solid_in_ml,info,soup_sundubu_jjigae_vegan_97ab2e,vegetarian_dashi,,,,750,ml,,
unit_solid_in_ml,info,snack_tostadas_vegan_f7257b,lime,,,,50,ml,,
unit_solid_in_ml,info,snack_tostadas_vegan_f7257b,creme_fraiche,,,,100,ml,,
unit_solid_in_ml,info,salad_shopska_vegan_001f9e,lemon,,,,30,ml,,
unit_solid_in_ml,info,pasta_lasagnes_vegan_412e90,bechamel,,,,400,ml,,
unit_solid_in_ml,info,rice_risotto_al_limone_vegan_a234ae,lemon,,,,30,ml,,
unit_solid_in_ml,info,rice_risotto_citron_asperges_v_e20e67,lemon,,,,30,ml,,
unit_solid_in_ml,info,dessert_mousse_au_chocolat_vegan_b5d48f,aquafaba,,,,150,ml,,
unit_solid_in_ml,info,dessert_far_breton_aux_pruneaux_069b81,rum,,,,30,ml,,
unit_solid_in_ml,info,dessert_lait_coco_vegan_3b8a99,oat_milk,,,,300,ml,,
unit_solid_in_ml,info,dessert_brownie_vegan_d4c6bd,almond_milk,,,,60,ml,,
unit_solid_in_ml,info,dessert_gateau_carottes_vegan_9d8a84,oat_milk,,,,80,ml,,
qty_sugar_excessive,warning,dessert_cannele_bordelais_c55eca,sugar,,,,250,g,,
unit_solid_in_ml,info,dessert_cannele_bordelais_c55eca,rum,,,,50,ml,,
unit_solid_in_ml,info,dessert_tiramisu_classique_ea8ddb,espresso,,,,250,ml,,
unit_solid_in_ml,info,dessert_tiramisu_classique_ea8ddb,marsala,,,,50,ml,,
unit_solid_in_ml,info,dessert_kheer_au_riz_ee0837,rose_water,,,,30,ml,,
unit_solid_in_ml,info,dessert_baklava_aux_pistaches_06e5ed,orange_blossom_water,,,,30,ml,,
unit_solid_in_ml,info,dessert_sorbet_mangue_passion_583687,lime_juice,,,,30,ml,,
unit_solid_in_ml,info,brkf_pancakes_banane_vegan_c9231e,oat_milk,,,,240,ml,,
unit_solid_in_ml,info,brkf_pancakes_banane_vegan_c9231e,apple_cider_vinegar,,,,15,ml,,
unit_solid_in_ml,info,brkf_porridge_pomme_cannelle_9af096,oat_milk,,,,300,ml,,
unit_liquid_in_g,warning,brkf_porridge_pomme_cannelle_9af096,maple_syrup,,,,40,g,,
unit_solid_in_ml,info,brkf_smoothie_bowl_acai_7cf6e0,almond_milk,,,,80,ml,,
unit_solid_in_ml,info,brkf_overnight_oats_vegan_a1e7b5,oat_milk,,,,200,ml,,
unit_liquid_in_g,warning,brkf_overnight_oats_vegan_a1e7b5,maple_syrup,,,,20,g,,
unit_solid_in_ml,info,brkf_toast_avocat_graines_dfc001,lime_juice,,,,15,ml,,
unit_solid_in_ml,info,brkf_galette_sarrasin_champign_f6a798,oat_milk,,,,100,ml,,
unit_solid_in_ml,info,brkf_muesli_bircher_fae6ec,apple_juice,,,,150,ml,,
unit_solid_in_ml,info,brkf_muesli_bircher_fae6ec,oat_milk,,,,100,ml,,
unit_liquid_in_g,warning,brkf_granola_bowl_yaourt_fruit_980183,maple_syrup,,,,20,g,,
unit_solid_in_ml,info,brkf_pain_aux_bananes_vegan_b85f00,oat_milk,,,,60,ml,,
unit_solid_in_ml,info,brkf_smoothie_vert_epinards_ba_eb4142,oat_milk,,,,250,ml,,
qty_abnormally_high,warning,brkf_bagel_fromage_frais_conco_e69b68,cucumber,,,,1750,g,,
qty_abnormally_high,warning,entry_bruschetta_tomate_basilic_715b9b,baguette,,,,2000,g,,
unit_solid_in_ml,info,entry_pate_de_champignons_vegan_b2af97,cognac,,,,30,ml,,
unit_solid_in_ml,info,entry_pate_de_champignons_vegan_b2af97,soy_cream,,,,50,ml,,
unit_solid_in_ml,info,entry_verrines_avocat_mangue_c5f8c6,lime_juice,,,,45,ml,,
unit_solid_in_ml,info,entry_gaspacho_de_melon_a_la_me_ee9907,lime_juice,,,,30,ml,,
unit_solid_in_ml,info,entry_gaspacho_de_melon_a_la_me_ee9907,sherry_vinegar,,,,15,ml,,
qty_abnormally_high,error,entry_crostini_champignons_truf_1d780c,baguette,,,,3000,g,,
unit_solid_in_ml,info,entry_crostini_champignons_truf_1d780c,soy_cream,,,,50,ml,,
unit_solid_in_ml,info,entry_blinis_sarrasin_vegan_09648c,oat_milk,,,,250,ml,,
unit_solid_in_ml,info,entry_blinis_sarrasin_vegan_09648c,apple_cider_vinegar,,,,15,ml,,
unit_solid_in_ml,info,entry_de_chevre_chaud_a407cd,apple_cider_vinegar,,,,15,ml,,
unit_solid_in_ml,info,entry_veloute_potimarron_en_ver_e5a2ca,vegetable_broth,,,,500,ml,,
unit_solid_in_ml,info,entry_veloute_potimarron_en_ver_e5a2ca,coconut_cream,,,,100,ml,,
unit_solid_in_ml,info,entry_fromage_de_cajou_aux_herb_4f0f9b,oat_milk,,,,60,ml,,
unit_solid_in_ml,info,entry_fleurs_de_courgette_farci_c7f460,sparkling_water,,,,150,ml,,
unit_solid_in_ml,info,entry_fleurs_de_courgette_farci_c7f460,frying_oil,,,,500,ml,,
unit_solid_in_ml,info,entry_mousse_avocat_wasabi_773105,lime_juice,,,,30,ml,,
unit_solid_in_ml,info,entry_mousse_avocat_wasabi_773105,coconut_cream,,,,50,ml,,
unit_solid_in_ml,info,entry_lentilles_beluga_au_xeres_de4a76,vegetable_broth,,,,500,ml,,
unit_solid_in_ml,info,entry_lentilles_beluga_au_xeres_de4a76,sherry_vinegar,,,,15,ml,,
unit_solid_in_ml,info,side_puree_de_celerirave_vegan_a55054,oat_cream,,,,100,ml,,
unit_solid_in_ml,info,side_puree_de_celerirave_vegan_a55054,oat_milk,,,,50,ml,,
unit_solid_in_ml,info,side_fenouil_braise_a_l_orange_a75916,orange_juice,,,,150,ml,,
unit_solid_in_ml,info,side_fenouil_braise_a_l_orange_a75916,white_wine,,,,100,ml,,
unit_solid_in_ml,info,side_champignons_sautes_ail_pe_b477e2,white_wine,,,,50,ml,,
unit_solid_in_ml,info,side_petits_pois_a_la_francais_1aa736,vegetable_broth,,,,100,ml,,
unit_solid_in_ml,info,side_orge_perle_aux_champignon_2824cb,vegetable_broth,,,,600,ml,,
unit_solid_in_ml,info,side_pommes_dauphine_73a2c7,frying_oil,,,,500,ml,,
unit_solid_in_ml,info,side_flageolets_a_la_bretonne_a2af15,vegetable_broth,,,,150,ml,,
unit_solid_in_ml,info,side_epinards_a_la_creme_vegan_10afc3,oat_cream,,,,150,ml,,
unit_liquid_in_g,warning,side_patates_douces_roties_au_746605,maple_syrup,,,,20,g,,
unit_liquid_in_g,warning,side_potimarron_roti_aux_epice_b9c552,maple_syrup,,,,20,g,,
unit_solid_in_ml,info,side_brocoli_roti_sauce_gribic_694128,white_wine_vinegar,,,,30,ml,,
unit_solid_in_ml,info,side_dauphinois_vegan_c584cb,oat_cream,,,,300,ml,,
unit_solid_in_ml,info,side_dauphinois_vegan_c584cb,oat_milk,,,,200,ml,,
calories_too_high,warning,salad_fattoush_classic_x82m5c,,,,,,,,
calories_too_low,warning,dal_basic_k3d2p1,,,,,,,,
sodium_very_high,warning,pasta_plain_k2d1p1,,,,,,,,
calories_too_low,warning,salad_lentil_classic_v3_r7p2k8,,,,,,,,
calories_too_high,error,soup_onion_french_classic_v3_t9k2m4,,,,,,,,
calories_too_low,warning,sauce_vinaigrette_174a79,,,,,,,,
calories_too_low,warning,main_kimchi_1dc648,,,,,,,,
calories_too_low,warning,soup_courge_mijotee_japonaise_3852ae,,,,,,,,
calories_too_low,warning,entry_champignons_a_la_grecque_efe65f,,,,,,,,
calories_too_low,warning,dessert_mochi_matcha_7bf558,,,,,,,,
calories_too_high,warning,entry_bruschetta_tomate_basilic_715b9b,,,,,,,,
calories_too_high,error,entry_crostini_champignons_truf_1d780c,,,,,,,,
duplicate_title,warning,,,,,,,,soupe aigre-piquante,2
duplicate_title,warning,,,,,,,,haricots frits mexicains,2
